WORDS,TAGS
gold,Color
inch,others
mediatek helio a22,Processor Type
quad core,Processor Core
16 gb,Internal Storage
2 gb,RAM
13mp rear camera,Primary Camera
5mp front camera,Secondary Camera
3260 mah,Battery Capacity
gold,Color
inch,others
mediatek helio a22,Processor Type
quad core,Processor Core
16 gb,Internal Storage
2 gb,RAM
13mp rear camera,Primary Camera
5mp front camera,Secondary Camera
3260 mah,Battery Capacity
gold,Color
inch,others
mediatek helio a22,Processor Type
quad core,Processor Core
16 gb,Internal Storage
2 gb,RAM
13mp rear camera,Primary Camera
5mp front camera,Secondary Camera
3260 mah,Battery Capacity
redmi 9,Model Name
carbon black,Color
inch,others
mediatek helio g35,Processor Type
octa core,Processor Core
64 gb,Internal Storage
4 gb,RAM
13mp + 2mp,Primary Camera
5mp front camera,Secondary Camera
5000 mah,Battery Capacity
redmi 9a,Model Name
nature green,Color
inch,others
octa core,Processor Core
32 gb,Internal Storage
2 gb,RAM
13mp rear camera,Primary Camera
5000 mah,Battery Capacity
redmi 9a,Model Name
seablue,Color
inch,others
octa core,Processor Core
32 gb,Internal Storage
2 gb,RAM
13mp rear camera,Primary Camera
5000 mah,Battery Capacity
redmi 9a,Model Name
nature green,Color
inch,others
mediatek helio g25,Processor Type
octa core,Processor Core
32 gb,Internal Storage
3 gb,RAM
13mp rear camera,Primary Camera
5mp front camera,Secondary Camera
5000 mah,Battery Capacity
redmi 9a,Model Name
midnight black,Color
inch,others
octa core,Processor Core
32 gb,Internal Storage
2 gb,RAM
13mp rear camera,Primary Camera
5000 mah,Battery Capacity
redmi 9a,Model Name
midnight black,Color
inch,others
mediatek helio g25,Processor Type
octa core,Processor Core
32 gb,Internal Storage
3 gb,RAM
13mp rear camera,Primary Camera
5mp front camera,Secondary Camera
5000 mah,Battery Capacity
redmi 8,Model Name
emerald green,Color
inch,others
qualcomm snapdragon 439,Processor Type
octa core,Processor Core
64 gb,Internal Storage
4 gb,RAM
12mp + 2mp,Primary Camera
8mp front camera,Secondary Camera
5000 mah,Battery Capacity
9i,Model Name
midnight black,Color
inch,others
mediatek helio g25,Processor Type
octa core,Processor Core
64 gb,Internal Storage
4 gb,RAM
13mp rear camera,Primary Camera
5mp front camera,Secondary Camera
5000 mah,Battery Capacity
9i,Model Name
nature green,Color
inch,others
mediatek helio g25,Processor Type
octa core,Processor Core
64 gb,Internal Storage
4 gb,RAM
13mp rear camera,Primary Camera
5mp front camera,Secondary Camera
5000 mah,Battery Capacity
9i,Model Name
sea blue,Color
inch,others
mediatek helio g25,Processor Type
octa core,Processor Core
64 gb,Internal Storage
4 gb,RAM
13mp rear camera,Primary Camera
5mp front camera,Secondary Camera
5000 mah,Battery Capacity
note 9,Model Name
pebble grey,Color
inch,others
mediatek helio g85,Processor Type
octa core,Processor Core
64 gb,Internal Storage
4 gb,RAM
48mp + 8mp + 2mp + 2mp,Primary Camera
13mp front camera,Secondary Camera
5020 mah,Battery Capacity
9 power,Model Name
electric green,Color
inch,others
qualcomm snapdragon 662,Processor Type
octa core,Processor Core
64 gb,Internal Storage
4 gb,RAM
48mp rear camera,Primary Camera
8mp front camera,Secondary Camera
6000 mah,Battery Capacity
9 prime,Model Name
sunrise flare,Color
inch,others
mediatek helio g80,Processor Type
octa core,Processor Core
64 gb,Internal Storage
4 gb,RAM
13mp rear camera,Primary Camera
8mp front camera,Secondary Camera
5020 mah,Battery Capacity
redmi 9,Model Name
sky blue,Color
inch,others
mediatek helio g35,Processor Type
64 gb,Internal Storage
4 gb,RAM
13mp + 2mp,Primary Camera
5mp front camera,Secondary Camera
5000 mah,Battery Capacity
redmi 8a dual,Model Name
midnight grey,Color
inch,others
qualcomm snapdragon 439,Processor Type
octa core,Processor Core
32 gb,Internal Storage
3 gb,RAM
13mp + 2mp,Primary Camera
8mp front camera,Secondary Camera
5000 mah,Battery Capacity
redmi 9,Model Name
sporty orange,Color
inch,others
mediatek helio g35,Processor Type
64 gb,Internal Storage
4 gb,RAM
13mp + 8mp,Primary Camera
5mp front camera,Secondary Camera
5000 mah,Battery Capacity
redmi 8a dual,Model Name
sky white,Color
inch,others
qualcomm snapdragon 439,Processor Type
octa core,Processor Core
32 gb,Internal Storage
3 gb,RAM
13mp + 2mp,Primary Camera
8mp front camera,Secondary Camera
5000 mah,Battery Capacity
redmi note 9 pro,Model Name
glacier white,Color
inch,others
qualcomm® snapdragon™ 720g,Processor Type
octa core,Processor Core
64 gb,Internal Storage
4 gb,RAM
48mp + 8mp + 5mp + 2mp,Primary Camera
16mp front camera,Secondary Camera
5020 mah,Battery Capacity
redmi 9a,Model Name
sea blue,Color
inch,others
mediatek helio g25,Processor Type
octa core,Processor Core
32 gb,Internal Storage
3 gb,RAM
13mp rear camera,Primary Camera
5mp front camera,Secondary Camera
5000 mah,Battery Capacity
redmi 8,Model Name
onyx black,Color
inch,others
qualcomm snapdragon 439,Processor Type
octa core,Processor Core
64 gb,Internal Storage
4 gb,RAM
12mp + 2mp,Primary Camera
8mp front camera,Secondary Camera
5000 mah,Battery Capacity
9 power,Model Name
mighty black,Color
inch,others
qualcomm snapdragon 662,Processor Type
octa core,Processor Core
64 gb,Internal Storage
4 gb,RAM
48mp rear camera,Primary Camera
8mp front camera,Secondary Camera
6000 mah,Battery Capacity
9 power,Model Name
mighty black,Color
inch,others
qualcomm® snapdragon™ 662,Processor Type
octa core,Processor Core
128 gb,Internal Storage
6 gb,RAM
48mp rear camera,Primary Camera
8mp front camera,Secondary Camera
6000 mah,Battery Capacity
9 prime,Model Name
mint green,Color
inch,others
mediatek helio g80,Processor Type
octa core,Processor Core
64 gb,Internal Storage
4 gb,RAM
13mp rear camera,Primary Camera
8mp front camera,Secondary Camera
5020 mah,Battery Capacity
9 prime,Model Name
matte black,Color
inch,others
mediatek helio g80,Processor Type
octa core,Processor Core
64 gb,Internal Storage
4 gb,RAM
13mp rear camera,Primary Camera
8mp front camera,Secondary Camera
5020 mah,Battery Capacity
redmi 9,Model Name
carbon black,Color
inch,others
mediatek helio g35,Processor Type
octa core,Processor Core
64 gb,Internal Storage
4 gb,RAM
13mp + 2mp,Primary Camera
5mp front camera,Secondary Camera
5000 mah,Battery Capacity
redmi 9a,Model Name
seablue,Color
inch,others
octa core,Processor Core
32 gb,Internal Storage
2 gb,RAM
13mp rear camera,Primary Camera
5000 mah,Battery Capacity
redmi 9a,Model Name
midnight black,Color
inch,others
octa core,Processor Core
32 gb,Internal Storage
2 gb,RAM
13mp rear camera,Primary Camera
5000 mah,Battery Capacity
redmi 9a,Model Name
nature green,Color
inch,others
mediatek helio g25,Processor Type
octa core,Processor Core
32 gb,Internal Storage
3 gb,RAM
13mp rear camera,Primary Camera
5mp front camera,Secondary Camera
5000 mah,Battery Capacity
redmi 9a,Model Name
nature green,Color
inch,others
octa core,Processor Core
32 gb,Internal Storage
2 gb,RAM
13mp rear camera,Primary Camera
5000 mah,Battery Capacity
redmi 9a,Model Name
midnight black,Color
inch,others
mediatek helio g25,Processor Type
octa core,Processor Core
32 gb,Internal Storage
3 gb,RAM
13mp rear camera,Primary Camera
5mp front camera,Secondary Camera
5000 mah,Battery Capacity
redmi 8,Model Name
emerald green,Color
inch,others
qualcomm snapdragon 439,Processor Type
octa core,Processor Core
64 gb,Internal Storage
4 gb,RAM
12mp + 2mp,Primary Camera
8mp front camera,Secondary Camera
5000 mah,Battery Capacity
9i,Model Name
midnight black,Color
inch,others
mediatek helio g25,Processor Type
octa core,Processor Core
64 gb,Internal Storage
4 gb,RAM
13mp rear camera,Primary Camera
5mp front camera,Secondary Camera
5000 mah,Battery Capacity
9i,Model Name
nature green,Color
inch,others
mediatek helio g25,Processor Type
octa core,Processor Core
64 gb,Internal Storage
4 gb,RAM
13mp rear camera,Primary Camera
5mp front camera,Secondary Camera
5000 mah,Battery Capacity
9i,Model Name
sea blue,Color
inch,others
mediatek helio g25,Processor Type
octa core,Processor Core
64 gb,Internal Storage
4 gb,RAM
13mp rear camera,Primary Camera
5mp front camera,Secondary Camera
5000 mah,Battery Capacity
note 9,Model Name
pebble grey,Color
inch,others
mediatek helio g85,Processor Type
octa core,Processor Core
64 gb,Internal Storage
4 gb,RAM
48mp + 8mp + 2mp + 2mp,Primary Camera
13mp front camera,Secondary Camera
5020 mah,Battery Capacity
9 power,Model Name
electric green,Color
inch,others
qualcomm snapdragon 662,Processor Type
octa core,Processor Core
64 gb,Internal Storage
4 gb,RAM
48mp rear camera,Primary Camera
8mp front camera,Secondary Camera
6000 mah,Battery Capacity
9 prime,Model Name
sunrise flare,Color
inch,others
mediatek helio g80,Processor Type
octa core,Processor Core
64 gb,Internal Storage
4 gb,RAM
13mp rear camera,Primary Camera
8mp front camera,Secondary Camera
5020 mah,Battery Capacity
redmi 9,Model Name
sky blue,Color
inch,others
mediatek helio g35,Processor Type
64 gb,Internal Storage
4 gb,RAM
13mp + 2mp,Primary Camera
5mp front camera,Secondary Camera
5000 mah,Battery Capacity
redmi 9,Model Name
sporty orange,Color
inch,others
mediatek helio g35,Processor Type
64 gb,Internal Storage
4 gb,RAM
13mp + 8mp,Primary Camera
5mp front camera,Secondary Camera
5000 mah,Battery Capacity
redmi 8a dual,Model Name
midnight grey,Color
inch,others
qualcomm snapdragon 439,Processor Type
octa core,Processor Core
32 gb,Internal Storage
3 gb,RAM
13mp + 2mp,Primary Camera
8mp front camera,Secondary Camera
5000 mah,Battery Capacity
redmi 8a dual,Model Name
sky white,Color
inch,others
qualcomm snapdragon 439,Processor Type
octa core,Processor Core
32 gb,Internal Storage
3 gb,RAM
13mp + 2mp,Primary Camera
8mp front camera,Secondary Camera
5000 mah,Battery Capacity
redmi note 9 pro,Model Name
glacier white,Color
inch,others
qualcomm® snapdragon™ 720g,Processor Type
octa core,Processor Core
64 gb,Internal Storage
4 gb,RAM
48mp + 8mp + 5mp + 2mp,Primary Camera
16mp front camera,Secondary Camera
5020 mah,Battery Capacity
redmi 9a,Model Name
sea blue,Color
inch,others
mediatek helio g25,Processor Type
octa core,Processor Core
32 gb,Internal Storage
3 gb,RAM
13mp rear camera,Primary Camera
5mp front camera,Secondary Camera
5000 mah,Battery Capacity
redmi 8,Model Name
onyx black,Color
inch,others
qualcomm snapdragon 439,Processor Type
octa core,Processor Core
64 gb,Internal Storage
4 gb,RAM
12mp + 2mp,Primary Camera
8mp front camera,Secondary Camera
5000 mah,Battery Capacity
9 power,Model Name
mighty black,Color
inch,others
qualcomm snapdragon 662,Processor Type
octa core,Processor Core
64 gb,Internal Storage
4 gb,RAM
48mp rear camera,Primary Camera
8mp front camera,Secondary Camera
6000 mah,Battery Capacity
9 power,Model Name
mighty black,Color
inch,others
qualcomm® snapdragon™ 662,Processor Type
octa core,Processor Core
128 gb,Internal Storage
6 gb,RAM
48mp rear camera,Primary Camera
8mp front camera,Secondary Camera
6000 mah,Battery Capacity
9 prime,Model Name
mint green,Color
inch,others
mediatek helio g80,Processor Type
octa core,Processor Core
64 gb,Internal Storage
4 gb,RAM
13mp rear camera,Primary Camera
8mp front camera,Secondary Camera
5020 mah,Battery Capacity
9 prime,Model Name
matte black,Color
inch,others
mediatek helio g80,Processor Type
octa core,Processor Core
64 gb,Internal Storage
4 gb,RAM
13mp rear camera,Primary Camera
8mp front camera,Secondary Camera
5020 mah,Battery Capacity
redmi 9,Model Name
carbon black,Color
inch,others
mediatek helio g35,Processor Type
octa core,Processor Core
64 gb,Internal Storage
4 gb,RAM
13mp + 2mp,Primary Camera
5mp front camera,Secondary Camera
5000 mah,Battery Capacity
redmi 9a,Model Name
nature green,Color
inch,others
octa core,Processor Core
32 gb,Internal Storage
2 gb,RAM
13mp rear camera,Primary Camera
5000 mah,Battery Capacity
redmi 9a,Model Name
seablue,Color
inch,others
octa core,Processor Core
32 gb,Internal Storage
2 gb,RAM
13mp rear camera,Primary Camera
5000 mah,Battery Capacity
redmi 9a,Model Name
nature green,Color
inch,others
mediatek helio g25,Processor Type
octa core,Processor Core
32 gb,Internal Storage
3 gb,RAM
13mp rear camera,Primary Camera
5mp front camera,Secondary Camera
5000 mah,Battery Capacity
redmi 9a,Model Name
midnight black,Color
inch,others
octa core,Processor Core
32 gb,Internal Storage
2 gb,RAM
13mp rear camera,Primary Camera
5000 mah,Battery Capacity
redmi 9a,Model Name
midnight black,Color
inch,others
mediatek helio g25,Processor Type
octa core,Processor Core
32 gb,Internal Storage
3 gb,RAM
13mp rear camera,Primary Camera
5mp front camera,Secondary Camera
5000 mah,Battery Capacity
redmi 8,Model Name
emerald green,Color
inch,others
qualcomm snapdragon 439,Processor Type
octa core,Processor Core
64 gb,Internal Storage
4 gb,RAM
12mp + 2mp,Primary Camera
8mp front camera,Secondary Camera
5000 mah,Battery Capacity
9i,Model Name
midnight black,Color
inch,others
mediatek helio g25,Processor Type
octa core,Processor Core
64 gb,Internal Storage
4 gb,RAM
13mp rear camera,Primary Camera
5mp front camera,Secondary Camera
5000 mah,Battery Capacity
9i,Model Name
nature green,Color
inch,others
mediatek helio g25,Processor Type
octa core,Processor Core
64 gb,Internal Storage
4 gb,RAM
13mp rear camera,Primary Camera
5mp front camera,Secondary Camera
5000 mah,Battery Capacity
9i,Model Name
sea blue,Color
inch,others
mediatek helio g25,Processor Type
octa core,Processor Core
64 gb,Internal Storage
4 gb,RAM
13mp rear camera,Primary Camera
5mp front camera,Secondary Camera
5000 mah,Battery Capacity
note 9,Model Name
pebble grey,Color
inch,others
mediatek helio g85,Processor Type
octa core,Processor Core
64 gb,Internal Storage
4 gb,RAM
48mp + 8mp + 2mp + 2mp,Primary Camera
13mp front camera,Secondary Camera
5020 mah,Battery Capacity
9 power,Model Name
electric green,Color
inch,others
qualcomm snapdragon 662,Processor Type
octa core,Processor Core
64 gb,Internal Storage
4 gb,RAM
48mp rear camera,Primary Camera
8mp front camera,Secondary Camera
6000 mah,Battery Capacity
9 prime,Model Name
sunrise flare,Color
inch,others
mediatek helio g80,Processor Type
octa core,Processor Core
64 gb,Internal Storage
4 gb,RAM
13mp rear camera,Primary Camera
8mp front camera,Secondary Camera
5020 mah,Battery Capacity
redmi 9,Model Name
sky blue,Color
inch,others
mediatek helio g35,Processor Type
64 gb,Internal Storage
4 gb,RAM
13mp + 2mp,Primary Camera
5mp front camera,Secondary Camera
5000 mah,Battery Capacity
y81i,Model Name
gold,Color
inch,others
mediatek helio a22,Processor Type
quad core,Processor Core
16 gb,Internal Storage
2 gb,RAM
13mp rear camera,Primary Camera
5mp front camera,Secondary Camera
3260 mah,Battery Capacity
y81i,Model Name
gold,Color
inch,others
mediatek helio a22,Processor Type
quad core,Processor Core
16 gb,Internal Storage
2 gb,RAM
13mp rear camera,Primary Camera
5mp front camera,Secondary Camera
3260 mah,Battery Capacity
y81i,Model Name
gold,Color
inch,others
mediatek helio a22,Processor Type
quad core,Processor Core
16 gb,Internal Storage
2 gb,RAM
13mp rear camera,Primary Camera
5mp front camera,Secondary Camera
3260 mah,Battery Capacity
y81i,Model Name
gold,Color
inch,others
mediatek helio a22,Processor Type
quad core,Processor Core
16 gb,Internal Storage
2 gb,RAM
13mp rear camera,Primary Camera
5mp front camera,Secondary Camera
3260 mah,Battery Capacity
y81i,Model Name
gold,Color
inch,others
mediatek helio a22,Processor Type
quad core,Processor Core
16 gb,Internal Storage
2 gb,RAM
13mp rear camera,Primary Camera
5mp front camera,Secondary Camera
3260 mah,Battery Capacity
y81i,Model Name
gold,Color
inch,others
mediatek helio a22,Processor Type
quad core,Processor Core
16 gb,Internal Storage
2 gb,RAM
13mp rear camera,Primary Camera
5mp front camera,Secondary Camera
3260 mah,Battery Capacity
y81i,Model Name
gold,Color
inch,others
mediatek helio a22,Processor Type
quad core,Processor Core
16 gb,Internal Storage
2 gb,RAM
13mp rear camera,Primary Camera
5mp front camera,Secondary Camera
3260 mah,Battery Capacity
y81i,Model Name
gold,Color
inch,others
mediatek helio a22,Processor Type
quad core,Processor Core
16 gb,Internal Storage
2 gb,RAM
13mp rear camera,Primary Camera
5mp front camera,Secondary Camera
3260 mah,Battery Capacity
redmi 9,Model Name
carbon black,Color
inch,others
mediatek helio g35,Processor Type
octa core,Processor Core
64 gb,Internal Storage
4 gb,RAM
13mp + 2mp,Primary Camera
5mp front camera,Secondary Camera
5000 mah,Battery Capacity
redmi 9a,Model Name
nature green,Color
inch,others
octa core,Processor Core
32 gb,Internal Storage
2 gb,RAM
13mp rear camera,Primary Camera
5000 mah,Battery Capacity
y81i,Model Name
gold,Color
inch,others
mediatek helio a22,Processor Type
quad core,Processor Core
16 gb,Internal Storage
2 gb,RAM
13mp rear camera,Primary Camera
5mp front camera,Secondary Camera
3260 mah,Battery Capacity
y81i,Model Name
gold,Color
inch,others
mediatek helio a22,Processor Type
quad core,Processor Core
16 gb,Internal Storage
2 gb,RAM
13mp rear camera,Primary Camera
5mp front camera,Secondary Camera
3260 mah,Battery Capacity
y81i,Model Name
gold,Color
inch,others
mediatek helio a22,Processor Type
quad core,Processor Core
16 gb,Internal Storage
2 gb,RAM
13mp rear camera,Primary Camera
5mp front camera,Secondary Camera
3260 mah,Battery Capacity
redmi 9,Model Name
carbon black,Color
inch,others
mediatek helio g35,Processor Type
octa core,Processor Core
64 gb,Internal Storage
4 gb,RAM
13mp + 2mp,Primary Camera
5mp front camera,Secondary Camera
5000 mah,Battery Capacity
redmi 9a,Model Name
nature green,Color
inch,others
octa core,Processor Core
32 gb,Internal Storage
2 gb,RAM
13mp rear camera,Primary Camera
5000 mah,Battery Capacity
redmi 9a,Model Name
seablue,Color
inch,others
octa core,Processor Core
32 gb,Internal Storage
2 gb,RAM
13mp rear camera,Primary Camera
5000 mah,Battery Capacity
redmi 9a,Model Name
nature green,Color
inch,others
mediatek helio g25,Processor Type
octa core,Processor Core
32 gb,Internal Storage
3 gb,RAM
13mp rear camera,Primary Camera
5mp front camera,Secondary Camera
5000 mah,Battery Capacity
redmi 9a,Model Name
midnight black,Color
inch,others
octa core,Processor Core
32 gb,Internal Storage
2 gb,RAM
13mp rear camera,Primary Camera
5000 mah,Battery Capacity
redmi 9a,Model Name
midnight black,Color
inch,others
mediatek helio g25,Processor Type
octa core,Processor Core
32 gb,Internal Storage
3 gb,RAM
13mp rear camera,Primary Camera
5mp front camera,Secondary Camera
5000 mah,Battery Capacity
redmi 8,Model Name
emerald green,Color
inch,others
qualcomm snapdragon 439,Processor Type
octa core,Processor Core
64 gb,Internal Storage
4 gb,RAM
12mp + 2mp,Primary Camera
8mp front camera,Secondary Camera
5000 mah,Battery Capacity
9i,Model Name
midnight black,Color
inch,others
mediatek helio g25,Processor Type
y81i,Model Name
gold,Color
inch,others
mediatek helio a22,Processor Type
quad core,Processor Core
16 gb,Internal Storage
2 gb,RAM
13mp rear camera,Primary Camera
5mp front camera,Secondary Camera
3260 mah,Battery Capacity
iphone xr,Model Name
black,Color
inch,others
a12 bionic chip,Processor Type
128 gb,Internal Storage
12mp rear camera,Primary Camera
7mp front camera,Secondary Camera
iphone 11,Model Name
black,Color
inch,others
a13 bionic chip,Processor Type
64 gb,Internal Storage
12mp + 12mp,Primary Camera
12mp front camera,Secondary Camera
iphone xr,Model Name
white,Color
inch,others
a12 bionic chip,Processor Type
128 gb,Internal Storage
12mp rear camera,Primary Camera
7mp front camera,Secondary Camera
iphone se,Model Name
red,Color
inch,others
a13 bionic chip with 3rd gen neural engine,Processor Type
128 gb,Internal Storage
12mp rear camera,Primary Camera
7mp front camera,Secondary Camera
iphone 11,Model Name
red,Color
inch,others
a13 bionic chip,Processor Type
64 gb,Internal Storage
12mp + 12mp,Primary Camera
12mp front camera,Secondary Camera
iphone se,Model Name
black,Color
inch,others
a13 bionic chip with 3rd gen neural engine,Processor Type
128 gb,Internal Storage
12mp rear camera,Primary Camera
7mp front camera,Secondary Camera
iphone se,Model Name
white,Color
inch,others
a13 bionic chip with 3rd gen neural engine,Processor Type
128 gb,Internal Storage
12mp rear camera,Primary Camera
7mp front camera,Secondary Camera
iphone se,Model Name
black,Color
inch,others
a13 bionic chip with 3rd gen neural engine,Processor Type
64 gb,Internal Storage
12mp rear camera,Primary Camera
7mp front camera,Secondary Camera
iphone se,Model Name
white,Color
inch,others
a13 bionic chip with 3rd gen neural engine,Processor Type
64 gb,Internal Storage
12mp rear camera,Primary Camera
7mp front camera,Secondary Camera
iphone 12,Model Name
white,Color
inch,others
a14 bionic chip with next generation neural engine,Processor Type
128 gb,Internal Storage
12mp + 12mp,Primary Camera
12mp front camera,Secondary Camera
iphone se,Model Name
red,Color
inch,others
a13 bionic chip with 3rd gen neural engine,Processor Type
64 gb,Internal Storage
12mp rear camera,Primary Camera
7mp front camera,Secondary Camera
iphone 12,Model Name
black,Color
inch,others
a14 bionic chip with next generation neural engine,Processor Type
128 gb,Internal Storage
12mp + 12mp,Primary Camera
12mp front camera,Secondary Camera
iphone xr,Model Name
white,Color
inch,others
a12 bionic chip,Processor Type
64 gb,Internal Storage
12mp rear camera,Primary Camera
7mp front camera,Secondary Camera
iphone 12,Model Name
blue,Color
inch,others
a14 bionic chip with next generation neural engine,Processor Type
64 gb,Internal Storage
12mp + 12mp,Primary Camera
12mp front camera,Secondary Camera
iphone xr,Model Name
black,Color
inch,others
a12 bionic chip,Processor Type
64 gb,Internal Storage
12mp rear camera,Primary Camera
7mp front camera,Secondary Camera
iphone xr,Model Name
 product red,Color
inch,others
a12 bionic chip,Processor Type
64 gb,Internal Storage
12mp rear camera,Primary Camera
7mp front camera,Secondary Camera
iphone xr,Model Name
blue,Color
inch,others
a12 bionic chip,Processor Type
64 gb,Internal Storage
12mp rear camera,Primary Camera
7mp front camera,Secondary Camera
iphone xr,Model Name
black,Color
inch,others
a12 bionic chip,Processor Type
64 gb,Internal Storage
12mp rear camera,Primary Camera
7mp front camera,Secondary Camera
iphone 12 pro,Model Name
pacific blue,Color
inch,others
a14 bionic chip with next generation neural engine,Processor Type
256 gb,Internal Storage
12mp + 12mp + 12mp,Primary Camera
12mp front camera,Secondary Camera
iphone 11 pro,Model Name
midnight green,Color
inch,others
a13 bionic chip,Processor Type
64 gb,Internal Storage
12mp + 12mp + 12mp,Primary Camera
12mp front camera,Secondary Camera
iphone 12 mini,Model Name
black,Color
inch,others
a14 bionic chip with next generation neural engine,Processor Type
128 gb,Internal Storage
12mp + 12mp,Primary Camera
12mp front camera,Secondary Camera
iphone 12 mini,Model Name
green,Color
inch,others
a14 bionic chip with next generation neural engine,Processor Type
64 gb,Internal Storage
12mp + 12mp,Primary Camera
12mp front camera,Secondary Camera
iphone 12,Model Name
red,Color
inch,others
a14 bionic chip with next generation neural engine,Processor Type
128 gb,Internal Storage
12mp + 12mp,Primary Camera
12mp front camera,Secondary Camera
iphone xr,Model Name
 product red,Color
inch,others
a12 bionic chip,Processor Type
128 gb,Internal Storage
12mp rear camera,Primary Camera
7mp front camera,Secondary Camera
galaxy f41,Model Name
fusion blue,Color
inch,others
exynos 9611,Processor Type
octa core,Processor Core
128 gb,Internal Storage
6 gb,RAM
64mp + 8mp + 5mp,Primary Camera
32mp front camera,Secondary Camera
6000 mah,Battery Capacity
galaxy f41,Model Name
fusion green,Color
inch,others
exynos 9611,Processor Type
octa core,Processor Core
128 gb,Internal Storage
6 gb,RAM
64mp + 8mp + 5mp,Primary Camera
32mp front camera,Secondary Camera
6000 mah,Battery Capacity
galaxy f12,Model Name
sky blue,Color
inch,others
exynos 850,Processor Type
octa core,Processor Core
64 gb,Internal Storage
4 gb,RAM
48mp + 5mp + 2mp + 2mp,Primary Camera
8mp front camera,Secondary Camera
6000 mah,Battery Capacity
galaxy f12,Model Name
celestial black,Color
inch,others
exynos 850,Processor Type
octa core,Processor Core
64 gb,Internal Storage
4 gb,RAM
48mp + 5mp + 2mp + 2mp,Primary Camera
8mp front camera,Secondary Camera
6000 mah,Battery Capacity
galaxy f12,Model Name
sky blue,Color
inch,others
exynos 850,Processor Type
octa core,Processor Core
128 gb,Internal Storage
4 gb,RAM
48mp + 5mp + 2mp + 2mp,Primary Camera
8mp front camera,Secondary Camera
6000 mah,Battery Capacity
galaxy f41,Model Name
fusion black,Color
inch,others
exynos 9611,Processor Type
octa core,Processor Core
128 gb,Internal Storage
6 gb,RAM
64mp + 8mp + 5mp,Primary Camera
32mp front camera,Secondary Camera
6000 mah,Battery Capacity
galaxy f12,Model Name
sea green,Color
inch,others
exynos 850,Processor Type
octa core,Processor Core
128 gb,Internal Storage
4 gb,RAM
48mp + 5mp + 2mp + 2mp,Primary Camera
8mp front camera,Secondary Camera
6000 mah,Battery Capacity
galaxy f02s,Model Name
diamond blue,Color
inch,others
qualcomm snapdragon 450  sdm450-f01 ,Processor Type
octa core,Processor Core
64 gb,Internal Storage
4 gb,RAM
13mp + 2mp + 2mp,Primary Camera
5mp front camera,Secondary Camera
5000 mah,Battery Capacity
galaxy a21s,Model Name
blue,Color
inch,others
exynos 850 octa core,Processor Type
octa core,Processor Core
64 gb,Internal Storage
4 gb,RAM
48mp + 8mp + 2mp + 2mp,Primary Camera
13mp front camera,Secondary Camera
5000 mah,Battery Capacity
galaxy m12,Model Name
black,Color
inch,others
octa core,Processor Core
64 gb,Internal Storage
4 gb,RAM
48mp rear camera,Primary Camera
6000 mah,Battery Capacity
galaxy m51,Model Name
celestial black,Color
inch,others
128 gb,Internal Storage
6 gb,RAM
64mp rear camera,Primary Camera
7000 mah,Battery Capacity
galaxy f12,Model Name
sea green,Color
inch,others
exynos 850,Processor Type
octa core,Processor Core
64 gb,Internal Storage
4 gb,RAM
48mp + 5mp + 2mp + 2mp,Primary Camera
8mp front camera,Secondary Camera
6000 mah,Battery Capacity
galaxy f02s,Model Name
diamond blue,Color
inch,others
qualcomm snapdragon 450  sdm450-f01 ,Processor Type
octa core,Processor Core
32 gb,Internal Storage
3 gb,RAM
13mp + 2mp + 2mp,Primary Camera
5mp front camera,Secondary Camera
5000 mah,Battery Capacity
galaxy m21,Model Name
midnight blue,Color
inch,others
 exynos 9611-octa core processor,Processor Type
octa core,Processor Core
64 gb,Internal Storage
4 gb,RAM
48mp + 8mp + 5mp,Primary Camera
20mp front camera,Secondary Camera
6000 mah,Battery Capacity
galaxy m02,Model Name
gray,Color
inch,others
mediatek mt6739,Processor Type
quad core,Processor Core
32 gb,Internal Storage
3 gb,RAM
13mp + 2mp,Primary Camera
5mp front camera,Secondary Camera
5000 mah,Battery Capacity
galaxy m12,Model Name
blue,Color
inch,others
octa core,Processor Core
64 gb,Internal Storage
4 gb,RAM
48mp rear camera,Primary Camera
6000 mah,Battery Capacity
m31,Model Name
ocean blue,Color
inch,others
samsung exynos 9 octa 9611,Processor Type
octa core,Processor Core
128 gb,Internal Storage
6 gb,RAM
64mp + 8mp + 5mp + 5mp,Primary Camera
32mp front camera,Secondary Camera
6000 mah,Battery Capacity
galaxy m11,Model Name
metallic blue,Color
inch,others
qualcomm snapdragon  sdm450-f01  octa core,Processor Type
octa core,Processor Core
64 gb,Internal Storage
4 gb,RAM
13mp + 5mp + 2mp,Primary Camera
8mp front camera,Secondary Camera
5000 mah,Battery Capacity
galaxy m31,Model Name
ocean blue,Color
inch,others
samsung exynos 9 octa 9611,Processor Type
octa core,Processor Core
64 gb,Internal Storage
6 gb,RAM
64mp + 8mp + 5mp + 5mp,Primary Camera
32mp front camera,Secondary Camera
6000 mah,Battery Capacity
galaxy m42 5g,Model Name
prism dot black,Color
inch,others
qualcomm snapdragon 750g octa core,Processor Type
octa core,Processor Core
128 gb,Internal Storage
6 gb,RAM
48mp rear camera,Primary Camera
5000 mah,Battery Capacity
galaxy f62,Model Name
laser grey,Color
inch,others
exynos 9825,Processor Type
octa core,Processor Core
128 gb,Internal Storage
8 gb,RAM
64mp + 12mp + 5mp + 5mp,Primary Camera
32mp front camera,Secondary Camera
7000 mah,Battery Capacity
galaxy a31,Model Name
prism crush blue,Color
inch,others
mediatek  mt6768  octa core,Processor Type
octa core,Processor Core
128 gb,Internal Storage
6 gb,RAM
48mp + 8mp + 5mp + 5mp,Primary Camera
20mp front camera,Secondary Camera
5000 mah,Battery Capacity
galaxy f62,Model Name
laser blue,Color
inch,others
exynos 9825,Processor Type
octa core,Processor Core
128 gb,Internal Storage
8 gb,RAM
64mp + 12mp + 5mp + 5mp,Primary Camera
32mp front camera,Secondary Camera
7000 mah,Battery Capacity
galaxy m31,Model Name
iceberg blue,Color
inch,others
samsung exynos 9 octa 9611,Processor Type
octa core,Processor Core
128 gb,Internal Storage
6 gb,RAM
64mp + 8mp + 5mp + 5mp,Primary Camera
32mp front camera,Secondary Camera
6000 mah,Battery Capacity
ua65ru8000kxxl,Model Name
cm,others
qa65ls03takxxl,Model Name
black,Color
cm,others
ua32t4340akxxl,Model Name
black,Color
cm,others
ua32te40fakbxl,Model Name
black,Color
cm,others
ua32te40faklxl,Model Name
black,Color
cm,others
ua43aue70aklxl,Model Name
cm,others
ua43aue60aklxl,Model Name
cm,others
ua43te50fakxxl,Model Name
black,Color
cm,others
qa55ls03takxxl,Model Name
black,Color
cm,others
ua32te40fakxxl,Model Name
black,Color
cm,others
ua55aue60aklxl,Model Name
cm,others
ua50aue70aklxl,Model Name
cm,others
ua55aue70aklxl,Model Name
cm,others
ua65aue70aklxl,Model Name
cm,others
ua43n5370auxxl   ua43n5370aulxl,Model Name
cm,others
ua50aue60aklxl,Model Name
cm,others
ua43tu7200kbxl,Model Name
black,Color
cm,others
qa49q60rakxxl,Model Name
black,Color
cm,others
ua32t4350akxxl,Model Name
black,Color
cm,others
ua65tue60akxxl,Model Name
black,Color
cm,others
qa55ls01takxxl,Model Name
white,Color
cm,others
un43tu8000fxza,Model Name
black,Color
cms,others
qa43q60takxxl,Model Name
black,Color
cms,others
qa50ls03takxxl,Model Name
black,Color
cms,others
32lm565bpta,Model Name
ceramic black,Color
cms,others
43lm5650pta,Model Name
ceramic black,Color
cms,others
43um7290ptf,Model Name
cms,others
50um7290ptd,Model Name
cms,others
55um7290ptd,Model Name
cms,others
32lm636bptb,Model Name
cms,others
49uk6360pte,Model Name
cms,others
oled55bxpta,Model Name
cms,others
oled55cxpta,Model Name
cms,others
32lm576bptc,Model Name
black,Color
cms,others
55nano80tna,Model Name
black,Color
cms,others
43um7780pta,Model Name
cms,others
65um7290ptd,Model Name
ceramic bk and dark steel silver,Color
cms,others
43un7300ptc,Model Name
cms,others
65sk8500pta,Model Name
black,Color
cms,others
75sm9400pta,Model Name
cms,others
49lj617t,Model Name
cms,others
43lm6360ptb,Model Name
32 cms,Display Size
65sm8100pta,Model Name
32 cms,Display Size
43un7190pta,Model Name
black,Color
32 cms,Display Size
55uj632t,Model Name
32 cms,Display Size
32lk628bptf,Model Name
32 cms,Display Size
65un7300ptc,Model Name
32 cms,Display Size
43lm5760ptc,Model Name
32 cms,Display Size
kd-43x7002g,Model Name
32 cms,Display Size
kd-55x7400h,Model Name
black,Color
32 cms,Display Size
kdl-32w6103,Model Name
black,Color
32 cms,Display Size
kdl-43w6603,Model Name
black,Color
32 cms,Display Size
kd-50x74,Model Name
black,Color
32 cms,Display Size
kdl-49w800g,Model Name
32 cms,Display Size
kdl-32w6100,Model Name
black,Color
32 cms,Display Size
kdl-43w800g,Model Name
32 cms,Display Size
kdl-43w6600,Model Name
black,Color
32 cms,Display Size
klv-50w672g,Model Name
32 cms,Display Size
kdl-43w800f,Model Name
frame color: black,Color
32 cms,Display Size
kd-65x9300e,Model Name
black,Color
32 cms,Display Size
kd-65a9g,Model Name
32 cms,Display Size
klv-49w672e,Model Name
black,Color
32 cms,Display Size
kd-65a9f,Model Name
frame color: black,Color
32 cms,Display Size
kd-43x7500h,Model Name
32 cms,Display Size
kd-55x9500g,Model Name
32 cms,Display Size
kd-65x9500e,Model Name
black,Color
32 cms,Display Size
klv-50w662f,Model Name
frame color: black,Color
65 cms,Display Size
klv-32w562d,Model Name
65 cms,Display Size
kd-65x9000h,Model Name
black,Color
65 cms,Display Size
kd-49x8000h,Model Name
black,Color
65 cms,Display Size
kd-65x9300d,Model Name
65 cms,Display Size
kd-43x8000h,Model Name
65 cms,Display Size
43fis-w,Model Name
black,Color
65 cms,Display Size
58uic,Model Name
silver,Color
65 cms,Display Size
leo32hin,Model Name
65 cms,Display Size
55uib,Model Name
black,Color
65 cms,Display Size
lei40sig,Model Name
black,Color
65 cms,Display Size
43fiz-r,Model Name
black,Color
65 cms,Display Size
43uic,Model Name
silver,Color
65 cms,Display Size
43uib,Model Name
65 cms,Display Size
50uic,Model Name
silver,Color
65 cms,Display Size
50uil,Model Name
black,Color
65 cms,Display Size
leo32hib,Model Name
black,Color
65 cms,Display Size
leo24hain,Model Name
65 cms,Display Size
42fie,Model Name
65 cms,Display Size
lei32sig1,Model Name
black,Color
65 cms,Display Size
lei43sig,Model Name
black,Color
65 cms,Display Size
lei50uig,Model Name
black,Color
65 cms,Display Size
th-50hx450dx,Model Name
65 cms,Display Size
th-40hs450dx,Model Name
black,Color
65 cms,Display Size
th-55hx635dx,Model Name
65 cms,Display Size
th-32hs450dx,Model Name
65 cms,Display Size
th-49fx650d,Model Name
65 cms,Display Size
th-32hs625dx,Model Name
65 cms,Display Size
th-43fx650d,Model Name
65 cms,Display Size
th-55gx500dx,Model Name
65 cms,Display Size
th-55ex600d,Model Name
65 cms,Display Size
th-43ds630d,Model Name
65 cms,Display Size
th-43cs400dx,Model Name
65 cms,Display Size
th-65hx700dx,Model Name
65 cms,Display Size
th-55dx650d,Model Name
65 cms,Display Size
th-49es630d,Model Name
black,Color
65 cms,Display Size
th-43es630d,Model Name
65 cms,Display Size
th-65fx600d,Model Name
65 cms,Display Size
th-43hx625dx,Model Name
65 cms,Display Size
th-65ex480dx,Model Name
65 cms,Display Size
th-55fx730d,Model Name
65 cms,Display Size
th-55fx600d,Model Name
65 cms,Display Size
th-43jx750dx,Model Name
65 cms,Display Size
th-55jx750dx,Model Name
65 cms,Display Size
th-43gs655dx,Model Name
65 cms,Display Size
th-w55es48dx,Model Name
65 cms,Display Size
jet black,Color
8 gb,RAM
jet black,Color
8 gb,RAM
natural silver,Color
8 gb,RAM
natural silver,Color
8 gb,RAM
natural silver,Color
8 gb,RAM
black,Color
8 gb,RAM
natural silver,Color
8 gb,RAM
natural silver,Color
8 gb,RAM
natural silver,Color
16 gb,RAM
jet black,Color
4 gb,RAM
black,Color
8 gb,RAM
natural silver,Color
16 gb,RAM
natural silver,Color
4 gb,RAM
jet black,Color
4 gb,RAM
natural silver,Color
8 gb,RAM
jet black,Color
8 gb,RAM
natural silver,Color
8 gb,RAM
natural silver,Color
8 gb,RAM
natural silver,Color
16 gb,RAM
natural silver,Color
8 gb,RAM
natural silver,Color
8 gb,RAM
natural silver,Color
8 gb,RAM
natural silver,Color
8 gb,RAM
jet black,Color
8 gb,RAM
warm gold,Color
8 gb,RAM
natural silver,Color
8 gb,RAM
pavilion laptop 15-eg0103tx,Model Name
natural silver,Color
16 gb,RAM
jet black,Color
8 gb,RAM
mineral silver,Color
8 gb,RAM
250 g8,Model Name
dark ash silver,Color
4 gb,RAM
natural silver,Color
8 gb,RAM
natural silver,Color
8 gb,RAM
natural silver,Color
8 gb,RAM
natural silver,Color
8 gb,RAM
jet black,Color
8 gb,RAM
natural silver,Color
8 gb,RAM
shadow black,Color
8 gb,RAM
jet black,Color
4 gb,RAM
black,Color
4 gb,RAM
pale gold,Color
8 gb,RAM
platinum grey,Color
8 gb,RAM
grey,Color
4 gb,RAM
platinum grey,Color
8 gb,RAM
raven black,Color
8 gb,RAM
platinum grey,Color
8 gb,RAM
platinum grey,Color
8 gb,RAM
onyx black,Color
8 gb,RAM
raven black,Color
8 gb,RAM
black,Color
8 gb,RAM
graphite grey,Color
8 gb,RAM
graphite grey,Color
8 gb,RAM
platinum grey,Color
8 gb,RAM
platinum grey,Color
8 gb,RAM
black,Color
4 gb,RAM
grey,Color
4 gb,RAM
black,Color
8 gb,RAM
raven black,Color
8 gb,RAM
v15 ada,Model Name
iron grey,Color
4 gb,RAM
black,Color
8 gb,RAM
thinkpad e14,Model Name
black,Color
8 gb,RAM
black,Color
16 gb,RAM
black,Color
4 gb,RAM
onyx black,Color
8 gb,RAM
graphite grey,Color
8 gb,RAM
transparent silver,Color
8 gb,RAM
transparent silver,Color
4 gb,RAM
bespoke black,Color
8 gb,RAM
transparent silver,Color
4 gb,RAM
transparent silver,Color
8 gb,RAM
eclipse gray,Color
16 gb,RAM
bespoke black,Color
8 gb,RAM
bespoke black,Color
8 gb,RAM
star black,Color
8 gb,RAM
bespoke black,Color
4 gb,RAM
bonfire black,Color
8 gb,RAM
original black,Color
16 gb,RAM
pine grey,Color
8 gb,RAM
electro punk,Color
8 gb,RAM
slate grey,Color
8 gb,RAM
bespoke black,Color
8 gb,RAM
celestial blue,Color
32 gb,RAM
celestial blue,Color
16 gb,RAM
transparent silver,Color
4 gb,RAM
black plastic,Color
8 gb,RAM
eclipse grey,Color
16 gb,RAM
grey,Color
8 gb,RAM
indie black,Color
8 gb,RAM
cobalt blue,Color
8 gb,RAM
titan grey,Color
8 gb,RAM
softmint,Color
8 gb,RAM
black,Color
4 gb,RAM
silver,Color
8 gb,RAM
inspiron 3505,Model Name
softmint,Color
8 gb,RAM
silver,Color
4 gb,RAM
black,Color
16 gb,RAM
black,Color
8 gb,RAM
silver,Color
4 gb,RAM
platinum silver,Color
4 gb,RAM
silver,Color
16 gb,RAM
dune,Color
8 gb,RAM
pebble,Color
8 gb,RAM
silver,Color
8 gb,RAM
soft mint,Color
8 gb,RAM
softmint,Color
4 gb,RAM
black,Color
8 gb,RAM
gold,Color
16 gb,RAM
dune,Color
8 gb,RAM
silver,Color
8 gb,RAM
black,Color
4 gb,RAM
silver,Color
8 gb,RAM
black,Color
4 gb,RAM
inspiron 3501,Model Name
soft mint,Color
4 gb,RAM
charcoal black,Color
8 gb,RAM
charcoal black,Color
8 gb,RAM
charcoal black,Color
8 gb,RAM
obsidian black,Color
8 gb,RAM
black,Color
8 gb,RAM
black,Color
4 gb,RAM
mist green,Color
16 gb,RAM
black,Color
8 gb,RAM
helios 300,Model Name
black,Color
16 gb,RAM
silver,Color
4 gb,RAM
black,Color
8 gb,RAM
silver,Color
8 gb,RAM
sparkly silver,Color
8 gb,RAM
magic purple,Color
4 gb,RAM
white,Color
8 gb,RAM
black,Color
16 gb,RAM
travelmate p214-52,Model Name
black,Color
8 gb,RAM
black,Color
16 gb,RAM
predator,Model Name
black,Color
16 gb,RAM
black,Color
16 gb,RAM
pure silver,Color
16 gb,RAM
black,Color
8 gb,RAM
white,Color
16 gb,RAM
sparkly silver,Color
8 gb,RAM
c46-blk_1,Model Name
black,Color
c45-blk_1,Model Name
black,Color
c46-blk_1,Model Name
black,Color
c45-blk_1,Model Name
black,Color
laptop,others
laptop,others
laptop,others
laptop,others
laptop,others
laptop,others
laptop,others
laptop,others
laptop,others
laptop,others
laptop,others
laptop,others
laptop,others
laptop,others
laptop,others
laptop,others
laptop,others
laptop,others
laptop,others
laptop,others
laptop,others
laptop,others
laptop,others
laptop,others
laptop,others
laptop,others
laptops,others
laptop,others
laptop,others
laptop,others
laptop,others
laptop,others
laptop,others
laptop,others
laptop,others
laptop,others
laptop,others
laptop,others
laptop,others
laptop,others
laptop,others
laptop,others
laptop,others
laptops,others
laptop,others
laptops,others
laptop,others
laptop,others
laptop,others
laptop,others
laptop,others
laptop,others
laptop,others
laptop,others
laptop,others
laptop,others
laptop,others
laptop,others
laptop,others
laptop,others
laptop,others
laptop,others
laptop,others
laptop,others
laptop,others
laptop,others
laptop,others
laptop,others
laptop,others
laptop,others
laptop,others
laptop,others
laptop,others
laptop,others
laptop,others
laptop,others
laptop,others
laptop,others
laptop,others
laptops,others
laptop,others
laptop,others
laptop,others
laptop,others
laptop,others
laptop,others
laptop,others
laptop,others
laptop,others
laptop,others
laptop,others
laptop,others
laptop,others
laptop,others
laptop,others
laptop,others
laptop,others
laptop,others
laptop,others
laptop,others
laptop,others
laptop,others
laptop,others
laptop,others
laptop,others
laptop,others
laptop,others
laptop,others
laptop,others
laptop,others
laptop,others
laptop,others
laptop,others
laptop,others
laptop,others
laptop,others
laptop,others
laptop,others
laptop,others
laptop,others
laptop,others
laptop,others
laptop,others
laptop,others
laptop,others
laptop,others
laptop,others
laptop,others
laptop,others
laptop,others
laptop,others
laptop,others
laptop,others
laptop,others
laptop,others
laptop,others
laptop,others
laptop,others
laptop,others
laptop,others
laptop,others
laptop,others
laptop,others
laptop,others
laptop,others
laptop,others
laptop,others
laptop,others
laptop,others
laptop,others
laptop,others
laptop,others
laptop,others
laptop,others
laptop,others
laptop,others
laptop,others
laptop,others
laptop,others
laptop,others
laptop,others
laptop,others
laptop,others
laptop,others
laptop,others
laptop,others
laptop,others
laptop,others
laptop,others
laptop,others
laptop,others
laptop,others
laptop,others
laptop,others
laptop,others
laptop,others
laptop,others
laptop,others
laptop,others
laptops,others
laptops,others
laptop,others
laptop,others
laptop,others
laptop,others
laptops,others
laptop,others
laptop,others
laptop,others
laptop,others
laptop,others
laptop,others
laptop,others
laptop,others
laptop,others
laptop,others
laptop,others
laptop,others
laptop,others
laptop,others
laptop,others
laptop,others
laptop,others
laptop,others
laptop,others
laptop,others
laptop,others
laptop,others
laptop,others
laptop,others
laptop,others
laptop,others
laptop,others
laptop,others
laptop,others
laptop,others
laptop,others
laptop,others
laptop,others
laptop,others
laptop,others
laptop,others
laptop,others
laptop,others
laptop,others
laptop,others
laptop,others
laptop,others
laptop,others
laptop,others
laptop,others
laptop,others
laptop,others
laptop,others
laptop,others
laptop,others
laptop,others
laptop,others
laptop,others
laptop,others
laptop,others
laptop,others
laptop,others
laptop,others
laptop,others
laptop,others
laptop,others
laptop,others
laptop,others
laptop,others
laptop,others
laptop,others
laptop,others
laptop,others
laptop,others
laptop,others
laptop,others
laptop,others
laptop,others
laptop,others
laptop,others
laptop,others
laptop,others
laptop,others
laptops,others
laptop,others
laptop,others
laptop,others
laptop,others
laptop,others
laptop,others
laptop,others
laptop,others
laptop,others
laptop,others
laptop,others
laptop,others
laptop,others
laptop,others
laptop,others
laptop,others
laptop,others
laptop,others
laptop,others
laptop,others
laptop,others
laptop,others
laptop,others
laptop,others
laptop,others
laptop,others
laptop,others
laptop,others
laptop,others
laptop,others
laptop,others
laptop,others
laptop,others
laptop,others
laptop,others
laptop,others
laptop,others
laptop,others
laptop,others
laptop,others
laptop,others
laptop,others
laptop,others
laptop,others
laptop,others
laptop,others
laptop,others
laptop,others
laptop,others
laptop,others
laptop,others
laptop,others
laptop,others
laptop,others
laptop,others
laptop,others
laptop,others
laptop,others
laptops,others
laptop,others
laptop,others
laptop,others
laptop,others
laptop,others
laptop,others
laptop,others
laptop,others
laptop,others
laptop,others
laptop,others
laptop,others
laptop,others
laptop,others
laptop,others
laptop,others
laptop,others
laptop,others
laptop,others
laptop,others
laptop,others
laptop,others
laptop,others
laptop,others
laptop,others
laptop,others
laptop,others
laptop,others
laptop,others
laptop,others
laptop,others
laptop,others
laptop,others
laptop,others
laptop,others
laptop,others
laptop,others
laptop,others
laptop,others
laptop,others
laptop,others
laptop,others
laptop,others
laptop,others
laptop,others
laptop,others
laptop,others
laptop,others
laptop,others
laptop,others
laptop,others
laptop,others
laptop,others
laptop,others
laptop,others
laptop,others
laptop,others
laptop,others
laptop,others
laptop,others
laptop,others
laptop,others
laptop,others
laptop,others
laptop,others
laptop,others
laptop,others
laptop,others
laptop,others
laptop,others
laptop,others
laptop,others
laptop,others
laptop,others
laptop,others
laptop,others
laptop,others
laptop,others
laptop,others
laptop,others
laptop,others
laptop,others
laptop,others
laptop,others
laptop,others
laptop,others
laptop,others
laptop,others
laptop,others
laptop,others
laptop,others
laptop,others
laptop,others
laptop,others
laptop,others
laptop,others
laptop,others
laptop,others
laptop,others
laptop,others
laptop,others
laptop,others
laptop,others
laptop,others
laptop,others
laptop,others
laptops,others
laptop,others
laptop,others
laptop,others
laptop,others
laptop,others
laptop,others
laptop,others
laptop,others
laptop,others
laptop,others
laptop,others
laptop,others
laptop,others
laptop,others
laptop,others
laptop,others
laptop,others
laptop,others
laptop,others
laptop,others
laptop,others
laptop,others
laptop,others
laptop,others
laptop,others
laptop,others
laptop,others
laptop,others
laptops,others
laptop,others
laptop,others
laptop,others
laptop,others
laptop,others
laptop,others
laptop,others
laptop,others
laptop,others
laptop,others
laptop,others
laptop,others
laptop,others
laptop,others
laptop,others
laptop,others
laptop,others
laptop,others
laptop,others
laptop,others
laptop,others
laptop,others
laptop,others
laptop,others
laptop,others
laptop,others
laptop,others
laptop,others
laptop,others
laptop,others
laptop,others
laptop,others
laptop,others
laptop,others
laptop,others
laptop,others
laptop,others
laptop,others
laptop,others
laptop,others
laptop,others
laptop,others
laptop,others
laptop,others
laptop,others
laptop,others
laptop,others
laptop,others
laptop,others
laptop,others
laptop,others
laptop,others
laptop,others
laptop,others
laptop,others
laptop,others
laptop,others
laptop,others
laptop,others
laptop,others
laptop,others
laptop,others
laptop,others
laptop,others
laptop,others
laptop,others
laptop,others
laptop,others
laptop,others
laptop,others
laptop,others
laptop,others
laptop,others
laptop,others
laptop,others
laptop,others
laptop,others
laptop,others
laptop,others
laptop,others
laptop,others
laptop,others
laptop,others
laptop,others
laptop,others
laptop,others
laptop,others
laptop,others
laptop,others
laptop,others
laptop,others
laptop,others
laptop,others
laptop,others
laptop,others
laptop,others
laptop,others
laptop,others
laptop,others
laptop,others
laptop,others
laptop,others
laptop,others
laptop,others
laptop,others
laptop,others
laptop,others
laptop,others
laptop,others
laptop,others
laptop,others
laptop,others
laptop,others
laptop,others
laptop,others
laptop,others
laptop,others
laptop,others
laptop,others
laptop,others
laptop,others
laptop,others
laptop,others
laptop,others
laptop,others
laptop,others
laptop,others
laptop,others
laptop,others
laptop,others
laptop,others
laptop,others
laptop,others
laptop,others
laptop,others
laptop,others
laptop,others
laptop,others
laptop,others
laptop,others
laptop,others
laptop,others
laptop,others
laptop,others
laptop,others
laptop,others
laptop,others
laptop,others
laptop,others
laptop,others
laptop,others
laptop,others
laptop,others
laptop,others
laptop,others
laptop,others
laptop,others
laptop,others
laptop,others
laptop,others
laptop,others
laptop,others
laptop,others
laptop,others
laptop,others
laptop,others
laptop,others
laptop,others
laptop,others
laptop,others
laptop,others
laptop,others
laptop,others
laptop,others
laptop,others
laptop,others
laptop,others
laptop,others
laptop,others
laptop,others
laptop,others
laptop,others
laptop,others
laptop,others
laptop,others
laptop,others
laptop,others
laptop,others
laptop,others
laptop,others
laptop,others
laptop,others
laptop,others
laptop,others
laptop,others
laptop,others
laptop,others
laptop,others
bag,others
bag,others
bag,others
bag,others
bag,others
bag,others
bags,others
bag,others
bag,others
bag,others
bag,others
bag,others
bag,others
bags,others
bag,others
bag,others
bags,others
bag,others
bag,others
bag,others
bag,others
bag,others
bag,others
bag,others
bag,others
bag,others
bag,others
bag,others
bag,others
bag,others
bag,others
bag,others
bag,others
bag,others
bag,others
bag,others
bag,others
bag,others
bag,others
bag,others
bag,others
bag,others
bag,others
bag,others
bag,others
bag,others
bag,others
bag,others
bagpack,others
bag,others
bag,others
bags,others
bag,others
bag,others
bag,others
bag,others
bag,others
bag,others
bag,others
bag,others
bag,others
bag,others
bags,others
bag,others
bag,others
bagpack,others
bag,others
bag,others
bag,others
bag,others
bag,others
bag,others
bag,others
bag,others
bag,others
bag,others
bag,others
bag,others
bag,others
bag,others
bag,others
bag,others
bag,others
bag,others
bag,others
bag,others
bag,others
bag,others
bag,others
bag,others
bag,others
bag,others
bag,others
bag,others
bag,others
bag,others
bag,others
bag,others
bag,others
bag,others
bags,others
bag,others
bag,others
bag,others
bag,others
bag,others
bag,others
bags,others
bag,others
bag,others
bag,others
bag,others
bag,others
bag,others
bag,others
bag,others
bagack,others
bags,others
bag,others
bag,others
bag,others
bag,others
bag,others
bag,others
bag,others
bag,others
bag,others
bag,others
bag,others
bag,others
bag,others
bag,others
bag,others
bag,others
bag,others
mobile,others
mobile,others
mobile,others
mobile,others
mobile,others
mobile,others
mobile,others
mobile,others
mobile,others
mobile,others
mobile,others
mobile,others
mobile,others
mobile,others
mobile,others
mobile,others
mobile,others
mobile,others
mobile,others
mobile,others
mobile,others
mobile,others
mobile,others
mobile,others
mobile,others
mobile,others
mobile,others
mobile,others
mobile,others
mobile,others
mobile,others
mobile,others
mobile,others
mobile,others
mobile,others
mobile,others
mobile,others
mobile,others
mobile,others
mobile,others
mobile,others
mobile,others
mobile,others
mobile,others
mobile,others
mobile,others
mobile,others
mobile,others
mobile,others
mobile,others
mobile,others
mobile,others
mobile,others
mobile,others
mobile,others
mobile,others
mobile,others
mobile,others
mobile,others
mobile,others
mobile,others
mobile,others
mobile,others
mobile,others
mobile,others
mobile,others
mobile,others
mobile,others
mobile,others
mobile,others
mobile,others
mobile,others
mobile,others
mobile,others
mobile,others
mobile,others
mobile,others
mobile,others
mobile,others
mobile,others
mobile,others
mobile,others
mobile,others
mobile,others
mobile,others
mobile,others
mobile,others
mobile,others
tmobile,others
mobile,others
mobile,others
tmobile,others
tv,others
tv,others
tv,others
tv,others
tv,others
tv,others
tv,others
tv,others
tv,others
tv,others
tv,others
tv,others
tv,others
tv,others
tv,others
tv,others
tv,others
tv,others
tv,others
tv,others
tv,others
tv,others
tv,others
tv,others
tv,others
tv,others
tv,others
tv,others
tv,others
tv,others
tv,others
tv,others
tv,others
tv,others
tv,others
tv,others
tv,others
smart,others
smart,others
smart,others
smartphone,others
smartphone,others
smartphone,others
smartphone,others
smartphone,others
smartphone,others
smartphone,others
smartphone,others
smartphone,others
smartphone,others
smartphone,others
smartphone,others
smartphone,others
smartphone,others
smartphone,others
smartphone,others
smartphone,others
smartphone,others
smartphone,others
smartphone,others
smartphone,others
smartphone,others
smartphone,others
smartphone,others
smartphone,others
smartphone,others
smartphone,others
smartphone,others
smartphones,others
smart,others
smart,others
smartphone,others
smartphone,others
smart,others
smartphone,others
smart,others
smart,others
smart,others
smart,others
smart,others
smart,others
smart,others
smart,others
smart,others
smart,others
smart,others
smart,others
smart,others
smart,others
smart,others
smart,others
smart,others
smart,others
smart,others
smart,others
smart,others
smart,others
smart,others
smart,others
smart,others
smart,others
smart,others
smart,others
smart,others
smart,others
smart,others
smart,others
smart,others
smart,others
smart,others
smart,others
smart,others
smart,others
smart,others
smart,others
smart,others
smart,others
smart,others
smart,others
smart,others
smart,others
smart,others
smart,others
smart,others
smart,others
smart,others
smart,others
smart,others
smart,others
smart,others
smart,others
smart,others
smart,others
smart,others
smart,others
smart,others
smart,others
smart,others
smart,others
smart,others
smart,others
smart,others
smart,others
smart,others
smart,others
smart,others
smart,others
smart,others
smart,others
smart,others
smart,others
smart,others
smart,others
smart,others
smart,others
smart,others
smart,others
smart,others
smart,others
smart,others
smart,others
smart,others
smart,others
smart,others
smart,others
smart,others
smart,others
smart,others
smart,others
smart,others
smart,others
smart,others
smart,others
smart,others
smart,others
smart,others
smart,others
smart,others
smart,others
smart,others
smart,others
smart,others
smart,others
smart,others
smart,others
smart,others
smart,others
smart,others
smartphone,others
smartphone,others
smartphone,others
smart,others
smartphone,others
smartphone,others
smartphone,others
smartphone,others
smartphone,others
smartphone,others
smartphone,others
smartphone,others
smartphone,others
smartphone,others
smartphone,others
smart,others
smartphone,others
smartphone,others
smartphone,others
smartphone,others
smartphone,others
smartphones,others
smart,others
smartphones,others
smartphones,others
smartphones,others
smartphones,others
smartphones,others
smartphones,others
smartphones,others
smartphones,others
smartphones,others
smartphones,others
smart,others
smart,others
smart,others
smartphones,others
smart,others
smartphones,others
smartphones,others
smartphones,others
smartphones,others
smartphones,others
smart,others
smart,others
smart,others
smart,others
smart,others
smartphone,others
smartphones,others
smartphones,others
smartphones,others
smartphones,others
smartphones,others
smartphones,others
smartphones,others
smartphones,others
smartphones,others
smartphones,others
smart,others
smart,others
smart,others
smartphones,others
smartphones,others
smartphones,others
smartphones,others
smartphones,others
smart,others
smart,others
smart,others
smart,others
smart,others
smart,others
smart,others
smart,others
smartphones,others
smartphones,others
smartphones,others
smart,others
smartphones,others
smart,others
smartphones,others
smartphones,others
smartphones,others
smartphones,others
smartphones,others
smartphones,others
smartphones,others
smartphones,others
smartphones,others
smartphones,others
smart,others
smart,others
smart,others
smartphones,others
smart,others
smartphones,others
smartphones,others
smartphones,others
smartphones,others
smartphones,others
smart,others
smart,others
smart,others
smart,others
smart,others
smartphone,others
smartphones,others
smartphones,others
smartphones,others
smartphones,others
smartphones,others
smartphones,others
smartphones,others
smart,others
smartphones,others
smartphones,others
smartphones,others
smartphones,others
smartphones,others
smart,others
smartphones,others
smartphones,others
smartphones,others
smartphones,others
smartphones,others
smart,others
smart,others
smart,others
smart,others
smartphones,others
smartphones,others
smart,others
smart,others
smart,others
smartphones,others
hp,brand
lenovo,brand
asus,brand
dell,brand
acer,brand
aircase,brand
redmi,brand
oppo,brand
vivo,brand
apple,brand
samsung,brand
lg,brand
sony,brand
onida,brand
panasonic,brand
hp,brand
lenovo,brand
asus,brand
dell,brand
acer,brand
aircase,brand
redmi,brand
oppo,brand
vivo,brand
apple,brand
samsung,brand
lg,brand
sony,brand
onida,brand
panasonic,brand
hp,brand
lenovo,brand
asus,brand
dell,brand
acer,brand
aircase,brand
redmi,brand
oppo,brand
vivo,brand
apple,brand
samsung,brand
lg,brand
sony,brand
onida,brand
panasonic,brand
hp,brand
lenovo,brand
asus,brand
dell,brand
acer,brand
aircase,brand
redmi,brand
oppo,brand
vivo,brand
apple,brand
samsung,brand
lg,brand
sony,brand
onida,brand
panasonic,brand
hp,brand
lenovo,brand
asus,brand
dell,brand
acer,brand
aircase,brand
redmi,brand
oppo,brand
vivo,brand
apple,brand
samsung,brand
lg,brand
sony,brand
onida,brand
panasonic,brand
hp,brand
lenovo,brand
asus,brand
dell,brand
acer,brand
aircase,brand
redmi,brand
oppo,brand
vivo,brand
apple,brand
samsung,brand
lg,brand
sony,brand
onida,brand
panasonic,brand
hp,brand
lenovo,brand
asus,brand
dell,brand
acer,brand
aircase,brand
redmi,brand
oppo,brand
vivo,brand
apple,brand
samsung,brand
lg,brand
sony,brand
onida,brand
panasonic,brand
hp,brand
lenovo,brand
asus,brand
dell,brand
acer,brand
aircase,brand
redmi,brand
oppo,brand
vivo,brand
apple,brand
samsung,brand
lg,brand
sony,brand
onida,brand
panasonic,brand
hp,brand
lenovo,brand
asus,brand
dell,brand
acer,brand
aircase,brand
redmi,brand
oppo,brand
vivo,brand
apple,brand
samsung,brand
lg,brand
sony,brand
onida,brand
panasonic,brand
hp,brand
lenovo,brand
asus,brand
dell,brand
acer,brand
aircase,brand
redmi,brand
oppo,brand
vivo,brand
apple,brand
samsung,brand
lg,brand
sony,brand
onida,brand
panasonic,brand
hp,brand
lenovo,brand
asus,brand
dell,brand
acer,brand
aircase,brand
redmi,brand
oppo,brand
vivo,brand
apple,brand
samsung,brand
lg,brand
sony,brand
onida,brand
panasonic,brand
hp,brand
lenovo,brand
asus,brand
dell,brand
acer,brand
aircase,brand
redmi,brand
oppo,brand
vivo,brand
apple,brand
samsung,brand
lg,brand
sony,brand
onida,brand
panasonic,brand
hp,brand
lenovo,brand
asus,brand
dell,brand
acer,brand
aircase,brand
redmi,brand
oppo,brand
vivo,brand
apple,brand
samsung,brand
lg,brand
sony,brand
onida,brand
panasonic,brand
hp,brand
lenovo,brand
asus,brand
dell,brand
acer,brand
aircase,brand
redmi,brand
oppo,brand
vivo,brand
apple,brand
samsung,brand
lg,brand
sony,brand
onida,brand
panasonic,brand
hp,brand
lenovo,brand
asus,brand
dell,brand
acer,brand
aircase,brand
redmi,brand
oppo,brand
vivo,brand
apple,brand
samsung,brand
lg,brand
sony,brand
onida,brand
panasonic,brand
hp,brand
lenovo,brand
asus,brand
dell,brand
acer,brand
aircase,brand
redmi,brand
oppo,brand
vivo,brand
apple,brand
samsung,brand
lg,brand
sony,brand
onida,brand
panasonic,brand
hp,brand
lenovo,brand
asus,brand
dell,brand
acer,brand
aircase,brand
redmi,brand
oppo,brand
vivo,brand
apple,brand
samsung,brand
lg,brand
sony,brand
onida,brand
panasonic,brand
hp,brand
lenovo,brand
asus,brand
dell,brand
acer,brand
aircase,brand
redmi,brand
oppo,brand
vivo,brand
apple,brand
samsung,brand
lg,brand
sony,brand
onida,brand
panasonic,brand
hp,brand
lenovo,brand
asus,brand
dell,brand
acer,brand
aircase,brand
redmi,brand
oppo,brand
vivo,brand
apple,brand
samsung,brand
lg,brand
sony,brand
onida,brand
panasonic,brand
hp,brand
lenovo,brand
asus,brand
dell,brand
acer,brand
aircase,brand
redmi,brand
oppo,brand
vivo,brand
apple,brand
samsung,brand
lg,brand
sony,brand
onida,brand
panasonic,brand
hp,brand
lenovo,brand
asus,brand
dell,brand
acer,brand
aircase,brand
redmi,brand
oppo,brand
vivo,brand
apple,brand
samsung,brand
lg,brand
sony,brand
onida,brand
panasonic,brand
hp,brand
lenovo,brand
asus,brand
dell,brand
acer,brand
aircase,brand
redmi,brand
oppo,brand
vivo,brand
apple,brand
samsung,brand
lg,brand
sony,brand
onida,brand
panasonic,brand
hp,brand
lenovo,brand
asus,brand
dell,brand
acer,brand
aircase,brand
redmi,brand
oppo,brand
vivo,brand
apple,brand
samsung,brand
lg,brand
sony,brand
onida,brand
panasonic,brand
hp,brand
lenovo,brand
asus,brand
dell,brand
acer,brand
aircase,brand
redmi,brand
oppo,brand
vivo,brand
apple,brand
samsung,brand
lg,brand
sony,brand
onida,brand
panasonic,brand
hp,brand
lenovo,brand
asus,brand
dell,brand
acer,brand
aircase,brand
redmi,brand
oppo,brand
vivo,brand
apple,brand
samsung,brand
lg,brand
sony,brand
onida,brand
panasonic,brand
hp,brand
lenovo,brand
asus,brand
dell,brand
acer,brand
aircase,brand
redmi,brand
oppo,brand
vivo,brand
apple,brand
samsung,brand
lg,brand
sony,brand
onida,brand
panasonic,brand
hp,brand
lenovo,brand
asus,brand
dell,brand
acer,brand
aircase,brand
redmi,brand
oppo,brand
vivo,brand
apple,brand
samsung,brand
lg,brand
sony,brand
onida,brand
panasonic,brand
hp,brand
lenovo,brand
asus,brand
dell,brand
acer,brand
aircase,brand
redmi,brand
oppo,brand
vivo,brand
apple,brand
samsung,brand
lg,brand
sony,brand
onida,brand
panasonic,brand
hp,brand
lenovo,brand
asus,brand
dell,brand
acer,brand
aircase,brand
redmi,brand
oppo,brand
vivo,brand
apple,brand
samsung,brand
lg,brand
sony,brand
onida,brand
panasonic,brand
hp,brand
lenovo,brand
asus,brand
dell,brand
acer,brand
aircase,brand
redmi,brand
oppo,brand
vivo,brand
apple,brand
samsung,brand
lg,brand
sony,brand
onida,brand
panasonic,brand
hp,brand
lenovo,brand
asus,brand
dell,brand
acer,brand
aircase,brand
redmi,brand
oppo,brand
vivo,brand
apple,brand
samsung,brand
lg,brand
sony,brand
onida,brand
panasonic,brand
hp,brand
lenovo,brand
asus,brand
dell,brand
acer,brand
aircase,brand
redmi,brand
oppo,brand
vivo,brand
apple,brand
samsung,brand
lg,brand
sony,brand
onida,brand
panasonic,brand
hp,brand
lenovo,brand
asus,brand
dell,brand
acer,brand
aircase,brand
redmi,brand
oppo,brand
vivo,brand
apple,brand
samsung,brand
lg,brand
sony,brand
onida,brand
panasonic,brand
hp,brand
lenovo,brand
asus,brand
dell,brand
acer,brand
aircase,brand
redmi,brand
oppo,brand
vivo,brand
apple,brand
samsung,brand
lg,brand
sony,brand
onida,brand
panasonic,brand
hp,brand
lenovo,brand
asus,brand
dell,brand
acer,brand
aircase,brand
redmi,brand
oppo,brand
vivo,brand
apple,brand
samsung,brand
lg,brand
sony,brand
onida,brand
panasonic,brand
hp,brand
lenovo,brand
asus,brand
dell,brand
acer,brand
aircase,brand
redmi,brand
oppo,brand
vivo,brand
apple,brand
samsung,brand
lg,brand
sony,brand
onida,brand
panasonic,brand
hp,brand
lenovo,brand
asus,brand
dell,brand
acer,brand
aircase,brand
redmi,brand
oppo,brand
vivo,brand
apple,brand
samsung,brand
lg,brand
sony,brand
onida,brand
panasonic,brand
hp,brand
lenovo,brand
asus,brand
dell,brand
acer,brand
aircase,brand
redmi,brand
oppo,brand
vivo,brand
apple,brand
samsung,brand
lg,brand
sony,brand
onida,brand
panasonic,brand
hp,brand
lenovo,brand
asus,brand
dell,brand
acer,brand
aircase,brand
redmi,brand
oppo,brand
vivo,brand
apple,brand
samsung,brand
lg,brand
sony,brand
onida,brand
panasonic,brand
hp,brand
lenovo,brand
asus,brand
dell,brand
acer,brand
aircase,brand
redmi,brand
oppo,brand
vivo,brand
apple,brand
samsung,brand
lg,brand
sony,brand
onida,brand
panasonic,brand
hp,brand
lenovo,brand
asus,brand
dell,brand
acer,brand
aircase,brand
redmi,brand
oppo,brand
vivo,brand
apple,brand
samsung,brand
lg,brand
sony,brand
onida,brand
panasonic,brand
hp,brand
lenovo,brand
asus,brand
dell,brand
acer,brand
aircase,brand
redmi,brand
oppo,brand
vivo,brand
apple,brand
samsung,brand
lg,brand
sony,brand
onida,brand
panasonic,brand
hp,brand
lenovo,brand
asus,brand
dell,brand
acer,brand
aircase,brand
redmi,brand
oppo,brand
vivo,brand
apple,brand
samsung,brand
lg,brand
sony,brand
onida,brand
panasonic,brand
hp,brand
lenovo,brand
asus,brand
dell,brand
acer,brand
aircase,brand
redmi,brand
oppo,brand
vivo,brand
apple,brand
samsung,brand
lg,brand
sony,brand
onida,brand
panasonic,brand
hp,brand
lenovo,brand
asus,brand
dell,brand
acer,brand
aircase,brand
redmi,brand
oppo,brand
vivo,brand
apple,brand
samsung,brand
lg,brand
sony,brand
onida,brand
panasonic,brand
hp,brand
lenovo,brand
asus,brand
dell,brand
acer,brand
aircase,brand
redmi,brand
oppo,brand
vivo,brand
apple,brand
samsung,brand
lg,brand
sony,brand
onida,brand
panasonic,brand
hp,brand
lenovo,brand
asus,brand
dell,brand
acer,brand
aircase,brand
redmi,brand
oppo,brand
vivo,brand
apple,brand
samsung,brand
lg,brand
sony,brand
onida,brand
panasonic,brand
hp,brand
lenovo,brand
asus,brand
dell,brand
acer,brand
aircase,brand
redmi,brand
oppo,brand
vivo,brand
apple,brand
samsung,brand
lg,brand
sony,brand
onida,brand
panasonic,brand
gold,Color
gold,Color
gold,Color
carbon black,Color
nature green,Color
seablue,Color
nature green,Color
midnight black,Color
midnight black,Color
emerald green,Color
midnight black,Color
nature green,Color
sea blue,Color
pebble grey,Color
electric green,Color
sunrise flare,Color
sky blue,Color
midnight grey,Color
sporty orange,Color
sky white,Color
glacier white,Color
sea blue,Color
onyx black,Color
mighty black,Color
mighty black,Color
mint green,Color
matte black,Color
carbon black,Color
seablue,Color
midnight black,Color
nature green,Color
nature green,Color
midnight black,Color
emerald green,Color
midnight black,Color
nature green,Color
sea blue,Color
pebble grey,Color
electric green,Color
sunrise flare,Color
sky blue,Color
sporty orange,Color
midnight grey,Color
sky white,Color
glacier white,Color
sea blue,Color
onyx black,Color
mighty black,Color
mighty black,Color
mint green,Color
matte black,Color
carbon black,Color
nature green,Color
seablue,Color
nature green,Color
midnight black,Color
midnight black,Color
emerald green,Color
midnight black,Color
nature green,Color
sea blue,Color
pebble grey,Color
electric green,Color
sunrise flare,Color
sky blue,Color
gold,Color
gold,Color
gold,Color
gold,Color
gold,Color
gold,Color
gold,Color
gold,Color
carbon black,Color
nature green,Color
gold,Color
gold,Color
gold,Color
carbon black,Color
nature green,Color
seablue,Color
nature green,Color
midnight black,Color
midnight black,Color
emerald green,Color
midnight black,Color
gold,Color
black,Color
black,Color
white,Color
red,Color
red,Color
black,Color
white,Color
black,Color
white,Color
white,Color
red,Color
black,Color
white,Color
blue,Color
black,Color
 product red,Color
blue,Color
black,Color
pacific blue,Color
midnight green,Color
black,Color
green,Color
red,Color
 product red,Color
fusion blue,Color
fusion green,Color
sky blue,Color
celestial black,Color
sky blue,Color
fusion black,Color
sea green,Color
diamond blue,Color
blue,Color
black,Color
celestial black,Color
sea green,Color
diamond blue,Color
midnight blue,Color
gray,Color
blue,Color
ocean blue,Color
metallic blue,Color
ocean blue,Color
prism dot black,Color
laser grey,Color
prism crush blue,Color
laser blue,Color
iceberg blue,Color
black,Color
black,Color
black,Color
black,Color
black,Color
black,Color
black,Color
black,Color
black,Color
black,Color
black,Color
white,Color
black,Color
black,Color
black,Color
ceramic black,Color
ceramic black,Color
black,Color
black,Color
ceramic bk and dark steel silver,Color
black,Color
black,Color
black,Color
black,Color
black,Color
black,Color
black,Color
black,Color
frame color: black,Color
black,Color
black,Color
frame color: black,Color
black,Color
frame color: black,Color
black,Color
black,Color
black,Color
silver,Color
black,Color
black,Color
black,Color
silver,Color
silver,Color
black,Color
black,Color
black,Color
black,Color
black,Color
black,Color
black,Color
jet black,Color
jet black,Color
natural silver,Color
natural silver,Color
natural silver,Color
black,Color
natural silver,Color
natural silver,Color
natural silver,Color
jet black,Color
black,Color
natural silver,Color
natural silver,Color
jet black,Color
natural silver,Color
jet black,Color
natural silver,Color
natural silver,Color
natural silver,Color
natural silver,Color
natural silver,Color
natural silver,Color
natural silver,Color
jet black,Color
warm gold,Color
natural silver,Color
natural silver,Color
jet black,Color
mineral silver,Color
dark ash silver,Color
natural silver,Color
natural silver,Color
natural silver,Color
natural silver,Color
jet black,Color
natural silver,Color
shadow black,Color
jet black,Color
black,Color
pale gold,Color
platinum grey,Color
grey,Color
platinum grey,Color
raven black,Color
platinum grey,Color
platinum grey,Color
onyx black,Color
raven black,Color
black,Color
graphite grey,Color
graphite grey,Color
platinum grey,Color
platinum grey,Color
black,Color
grey,Color
black,Color
raven black,Color
iron grey,Color
black,Color
black,Color
black,Color
black,Color
onyx black,Color
graphite grey,Color
transparent silver,Color
transparent silver,Color
bespoke black,Color
transparent silver,Color
transparent silver,Color
eclipse gray,Color
bespoke black,Color
bespoke black,Color
star black,Color
bespoke black,Color
bonfire black,Color
original black,Color
pine grey,Color
electro punk,Color
slate grey,Color
bespoke black,Color
celestial blue,Color
celestial blue,Color
transparent silver,Color
black plastic,Color
eclipse grey,Color
grey,Color
indie black,Color
cobalt blue,Color
titan grey,Color
softmint,Color
black,Color
silver,Color
softmint,Color
silver,Color
black,Color
black,Color
silver,Color
platinum silver,Color
silver,Color
dune,Color
pebble,Color
silver,Color
soft mint,Color
softmint,Color
black,Color
gold,Color
dune,Color
silver,Color
black,Color
silver,Color
black,Color
soft mint,Color
charcoal black,Color
charcoal black,Color
charcoal black,Color
obsidian black,Color
black,Color
black,Color
mist green,Color
black,Color
black,Color
silver,Color
black,Color
silver,Color
sparkly silver,Color
magic purple,Color
white,Color
black,Color
black,Color
black,Color
black,Color
black,Color
pure silver,Color
black,Color
white,Color
sparkly silver,Color
black,Color
black,Color
black,Color
black,Color
gold,Color
gold,Color
gold,Color
carbon black,Color
nature green,Color
seablue,Color
nature green,Color
midnight black,Color
midnight black,Color
emerald green,Color
midnight black,Color
nature green,Color
sea blue,Color
pebble grey,Color
electric green,Color
sunrise flare,Color
sky blue,Color
midnight grey,Color
sporty orange,Color
sky white,Color
glacier white,Color
sea blue,Color
onyx black,Color
mighty black,Color
mighty black,Color
mint green,Color
matte black,Color
carbon black,Color
seablue,Color
midnight black,Color
nature green,Color
nature green,Color
midnight black,Color
emerald green,Color
midnight black,Color
nature green,Color
sea blue,Color
pebble grey,Color
electric green,Color
sunrise flare,Color
sky blue,Color
sporty orange,Color
midnight grey,Color
sky white,Color
glacier white,Color
sea blue,Color
onyx black,Color
mighty black,Color
mighty black,Color
mint green,Color
matte black,Color
carbon black,Color
nature green,Color
seablue,Color
nature green,Color
midnight black,Color
midnight black,Color
emerald green,Color
midnight black,Color
nature green,Color
sea blue,Color
pebble grey,Color
electric green,Color
sunrise flare,Color
sky blue,Color
gold,Color
gold,Color
gold,Color
gold,Color
gold,Color
gold,Color
gold,Color
gold,Color
carbon black,Color
nature green,Color
gold,Color
gold,Color
gold,Color
carbon black,Color
nature green,Color
seablue,Color
nature green,Color
midnight black,Color
midnight black,Color
emerald green,Color
midnight black,Color
gold,Color
black,Color
black,Color
white,Color
red,Color
red,Color
black,Color
white,Color
black,Color
white,Color
white,Color
red,Color
black,Color
white,Color
blue,Color
black,Color
 product red,Color
blue,Color
black,Color
pacific blue,Color
midnight green,Color
black,Color
green,Color
red,Color
 product red,Color
fusion blue,Color
fusion green,Color
sky blue,Color
celestial black,Color
sky blue,Color
fusion black,Color
sea green,Color
diamond blue,Color
blue,Color
black,Color
celestial black,Color
sea green,Color
diamond blue,Color
midnight blue,Color
gray,Color
blue,Color
ocean blue,Color
metallic blue,Color
ocean blue,Color
prism dot black,Color
laser grey,Color
prism crush blue,Color
laser blue,Color
iceberg blue,Color
black,Color
black,Color
black,Color
black,Color
black,Color
black,Color
black,Color
black,Color
black,Color
black,Color
black,Color
white,Color
black,Color
black,Color
black,Color
ceramic black,Color
ceramic black,Color
black,Color
black,Color
ceramic bk and dark steel silver,Color
black,Color
black,Color
black,Color
black,Color
black,Color
black,Color
black,Color
black,Color
frame color: black,Color
black,Color
black,Color
frame color: black,Color
black,Color
frame color: black,Color
black,Color
black,Color
black,Color
silver,Color
black,Color
black,Color
black,Color
silver,Color
silver,Color
black,Color
black,Color
black,Color
black,Color
black,Color
black,Color
black,Color
jet black,Color
jet black,Color
natural silver,Color
natural silver,Color
natural silver,Color
black,Color
natural silver,Color
natural silver,Color
natural silver,Color
jet black,Color
black,Color
natural silver,Color
natural silver,Color
jet black,Color
natural silver,Color
jet black,Color
natural silver,Color
natural silver,Color
natural silver,Color
natural silver,Color
natural silver,Color
natural silver,Color
natural silver,Color
jet black,Color
warm gold,Color
natural silver,Color
natural silver,Color
jet black,Color
mineral silver,Color
dark ash silver,Color
natural silver,Color
natural silver,Color
natural silver,Color
natural silver,Color
jet black,Color
natural silver,Color
shadow black,Color
jet black,Color
black,Color
pale gold,Color
platinum grey,Color
grey,Color
platinum grey,Color
raven black,Color
platinum grey,Color
platinum grey,Color
onyx black,Color
raven black,Color
black,Color
graphite grey,Color
graphite grey,Color
platinum grey,Color
platinum grey,Color
black,Color
grey,Color
black,Color
raven black,Color
iron grey,Color
black,Color
black,Color
black,Color
black,Color
onyx black,Color
graphite grey,Color
transparent silver,Color
transparent silver,Color
bespoke black,Color
transparent silver,Color
transparent silver,Color
eclipse gray,Color
bespoke black,Color
bespoke black,Color
star black,Color
bespoke black,Color
bonfire black,Color
original black,Color
pine grey,Color
electro punk,Color
slate grey,Color
bespoke black,Color
celestial blue,Color
celestial blue,Color
transparent silver,Color
black plastic,Color
eclipse grey,Color
grey,Color
indie black,Color
cobalt blue,Color
titan grey,Color
softmint,Color
black,Color
silver,Color
softmint,Color
silver,Color
black,Color
black,Color
silver,Color
platinum silver,Color
silver,Color
dune,Color
pebble,Color
silver,Color
soft mint,Color
softmint,Color
black,Color
gold,Color
dune,Color
silver,Color
black,Color
silver,Color
black,Color
soft mint,Color
charcoal black,Color
charcoal black,Color
charcoal black,Color
obsidian black,Color
black,Color
black,Color
mist green,Color
black,Color
black,Color
silver,Color
black,Color
silver,Color
sparkly silver,Color
magic purple,Color
white,Color
black,Color
black,Color
black,Color
black,Color
black,Color
pure silver,Color
black,Color
white,Color
sparkly silver,Color
black,Color
black,Color
black,Color
black,Color
inches,others
inches,others
inches,others
inches,others
inches,others
inches,others
inches,others
inches,others
inches,others
inches,others
inches,others
inches,others
inches,others
inches,others
inches,others
inches,others
inches,others
inches,others
inches,others
inches,others
inches,others
inches,others
inches,others
inches,others
inches,others
inches,others
inches,others
inches,others
inches,others
inches,others
inches,others
inches,others
inches,others
inches,others
inches,others
inches,others
inches,others
inches,others
inches,others
inches,others
inches,others
inches,others
inches,others
inches,others
inches,others
inches,others
inches,others
inches,others
inches,others
inches,others
inches,others
inches,others
inches,others
inches,others
inches,others
inches,others
inches,others
inches,others
inches,others
inches,others
inches,others
inches,others
inches,others
inches,others
inches,others
inches,others
inches,others
inches,others
inches,others
inches,others
inches,others
inches,others
inches,others
inches,others
inches,others
inches,others
inches,others
inches,others
inches,others
inches,others
inches,others
inches,others
inches,others
inches,others
inches,others
inches,others
inches,others
inches,others
inches,others
inches,others
inches,others
inches,others
inches,others
inches,others
inches,others
inches,others
inches,others
inches,others
inches,others
inches,others
inches,others
inches,others
inches,others
inches,others
inches,others
inches,others
inches,others
inches,others
inches,others
inches,others
inches,others
inches,others
inches,others
inches,others
inches,others
inches,others
inches,others
inches,others
inches,others
inches,others
inches,others
inches,others
inches,others
inches,others
inches,others
inches,others
inches,others
inches,others
inches,others
inches,others
inches,others
inches,others
inches,others
inches,others
inches,others
redmi 9,Model Name
redmi 9a,Model Name
redmi 9a,Model Name
redmi 9a,Model Name
redmi 9a,Model Name
redmi 9a,Model Name
redmi 8,Model Name
9i,Model Name
9i,Model Name
9i,Model Name
note 9,Model Name
9 power,Model Name
9 prime,Model Name
redmi 9,Model Name
redmi 8a dual,Model Name
redmi 9,Model Name
redmi 8a dual,Model Name
redmi note 9 pro,Model Name
redmi 9a,Model Name
redmi 8,Model Name
9 power,Model Name
9 power,Model Name
9 prime,Model Name
9 prime,Model Name
redmi 9,Model Name
redmi 9a,Model Name
redmi 9a,Model Name
redmi 9a,Model Name
redmi 9a,Model Name
redmi 9a,Model Name
redmi 8,Model Name
9i,Model Name
9i,Model Name
9i,Model Name
note 9,Model Name
9 power,Model Name
9 prime,Model Name
redmi 9,Model Name
redmi 9,Model Name
redmi 8a dual,Model Name
redmi 8a dual,Model Name
redmi note 9 pro,Model Name
redmi 9a,Model Name
redmi 8,Model Name
9 power,Model Name
9 power,Model Name
9 prime,Model Name
9 prime,Model Name
redmi 9,Model Name
redmi 9a,Model Name
redmi 9a,Model Name
redmi 9a,Model Name
redmi 9a,Model Name
redmi 9a,Model Name
redmi 8,Model Name
9i,Model Name
9i,Model Name
9i,Model Name
note 9,Model Name
9 power,Model Name
9 prime,Model Name
redmi 9,Model Name
y81i,Model Name
y81i,Model Name
y81i,Model Name
y81i,Model Name
y81i,Model Name
y81i,Model Name
y81i,Model Name
y81i,Model Name
redmi 9,Model Name
redmi 9a,Model Name
y81i,Model Name
y81i,Model Name
y81i,Model Name
redmi 9,Model Name
redmi 9a,Model Name
redmi 9a,Model Name
redmi 9a,Model Name
redmi 9a,Model Name
redmi 9a,Model Name
redmi 8,Model Name
9i,Model Name
y81i,Model Name
iphone xr,Model Name
iphone 11,Model Name
iphone xr,Model Name
iphone se,Model Name
iphone 11,Model Name
iphone se,Model Name
iphone se,Model Name
iphone se,Model Name
iphone se,Model Name
iphone 12,Model Name
iphone se,Model Name
iphone 12,Model Name
iphone xr,Model Name
iphone 12,Model Name
iphone xr,Model Name
iphone xr,Model Name
iphone xr,Model Name
iphone xr,Model Name
iphone 12 pro,Model Name
iphone 11 pro,Model Name
iphone 12 mini,Model Name
iphone 12 mini,Model Name
iphone 12,Model Name
iphone xr,Model Name
galaxy f41,Model Name
galaxy f41,Model Name
galaxy f12,Model Name
galaxy f12,Model Name
galaxy f12,Model Name
galaxy f41,Model Name
galaxy f12,Model Name
galaxy f02s,Model Name
galaxy a21s,Model Name
galaxy m12,Model Name
galaxy m51,Model Name
galaxy f12,Model Name
galaxy f02s,Model Name
galaxy m21,Model Name
galaxy m02,Model Name
galaxy m12,Model Name
m31,Model Name
galaxy m11,Model Name
galaxy m31,Model Name
galaxy m42 5g,Model Name
galaxy f62,Model Name
galaxy a31,Model Name
galaxy f62,Model Name
galaxy m31,Model Name
ua65ru8000kxxl,Model Name
qa65ls03takxxl,Model Name
ua32t4340akxxl,Model Name
ua32te40fakbxl,Model Name
ua32te40faklxl,Model Name
ua43aue70aklxl,Model Name
ua43aue60aklxl,Model Name
ua43te50fakxxl,Model Name
qa55ls03takxxl,Model Name
ua32te40fakxxl,Model Name
ua55aue60aklxl,Model Name
ua50aue70aklxl,Model Name
ua55aue70aklxl,Model Name
ua65aue70aklxl,Model Name
ua43n5370auxxl   ua43n5370aulxl,Model Name
ua50aue60aklxl,Model Name
ua43tu7200kbxl,Model Name
qa49q60rakxxl,Model Name
ua32t4350akxxl,Model Name
ua65tue60akxxl,Model Name
qa55ls01takxxl,Model Name
un43tu8000fxza,Model Name
qa43q60takxxl,Model Name
qa50ls03takxxl,Model Name
32lm565bpta,Model Name
43lm5650pta,Model Name
43um7290ptf,Model Name
50um7290ptd,Model Name
55um7290ptd,Model Name
32lm636bptb,Model Name
49uk6360pte,Model Name
oled55bxpta,Model Name
oled55cxpta,Model Name
32lm576bptc,Model Name
55nano80tna,Model Name
43um7780pta,Model Name
65um7290ptd,Model Name
43un7300ptc,Model Name
65sk8500pta,Model Name
75sm9400pta,Model Name
49lj617t,Model Name
43lm6360ptb,Model Name
65sm8100pta,Model Name
43un7190pta,Model Name
55uj632t,Model Name
32lk628bptf,Model Name
65un7300ptc,Model Name
43lm5760ptc,Model Name
kd-43x7002g,Model Name
kd-55x7400h,Model Name
kdl-32w6103,Model Name
kdl-43w6603,Model Name
kd-50x74,Model Name
kdl-49w800g,Model Name
kdl-32w6100,Model Name
kdl-43w800g,Model Name
kdl-43w6600,Model Name
klv-50w672g,Model Name
kdl-43w800f,Model Name
kd-65x9300e,Model Name
kd-65a9g,Model Name
klv-49w672e,Model Name
kd-65a9f,Model Name
kd-43x7500h,Model Name
kd-55x9500g,Model Name
kd-65x9500e,Model Name
klv-50w662f,Model Name
klv-32w562d,Model Name
kd-65x9000h,Model Name
kd-49x8000h,Model Name
kd-65x9300d,Model Name
kd-43x8000h,Model Name
43fis-w,Model Name
58uic,Model Name
leo32hin,Model Name
55uib,Model Name
lei40sig,Model Name
43fiz-r,Model Name
43uic,Model Name
43uib,Model Name
50uic,Model Name
50uil,Model Name
leo32hib,Model Name
leo24hain,Model Name
42fie,Model Name
lei32sig1,Model Name
lei43sig,Model Name
lei50uig,Model Name
th-50hx450dx,Model Name
th-40hs450dx,Model Name
th-55hx635dx,Model Name
th-32hs450dx,Model Name
th-49fx650d,Model Name
th-32hs625dx,Model Name
th-43fx650d,Model Name
th-55gx500dx,Model Name
th-55ex600d,Model Name
th-43ds630d,Model Name
th-43cs400dx,Model Name
th-65hx700dx,Model Name
th-55dx650d,Model Name
th-49es630d,Model Name
th-43es630d,Model Name
th-65fx600d,Model Name
th-43hx625dx,Model Name
th-65ex480dx,Model Name
th-55fx730d,Model Name
th-55fx600d,Model Name
th-43jx750dx,Model Name
th-55jx750dx,Model Name
th-43gs655dx,Model Name
th-w55es48dx,Model Name
pavilion laptop 15-eg0103tx,Model Name
250 g8,Model Name
v15 ada,Model Name
thinkpad e14,Model Name
inspiron 3505,Model Name
inspiron 3501,Model Name
helios 300,Model Name
travelmate p214-52,Model Name
predator,Model Name
c46-blk_1,Model Name
c45-blk_1,Model Name
c46-blk_1,Model Name
c45-blk_1,Model Name
titan grey,Color
titan grey,Color
titan grey,Color
titan grey,Color
titan grey,Color
titan grey,Color
titan grey,Color
titan grey,Color
titan grey,Color
titan grey,Color
titan grey,Color
titan grey,Color
42 cms,Display Size
43 cms,Display Size
44 cms,Display Size
45 cms,Display Size
46 cms,Display Size
47 cms,Display Size
48 cms,Display Size
49 cms,Display Size
50 cms,Display Size
51 cms,Display Size
52 cms,Display Size
53 cms,Display Size
54 cms,Display Size
55 cms,Display Size
56 cms,Display Size
57 cms,Display Size
58 cms,Display Size
59 cms,Display Size
60 cms,Display Size
61 cms,Display Size
62 cms,Display Size
63 cms,Display Size
64 cms,Display Size
65 cms,Display Size
66 cms,Display Size
67 cms,Display Size
68 cms,Display Size
69 cms,Display Size
69 cms,Display Size
69 cms,Display Size
69 cms,Display Size
69 cms,Display Size
69 cms,Display Size
69 cms,Display Size
69 cms,Display Size
69 cms,Display Size
69 cms,Display Size
69 cms,Display Size
69 cms,Display Size
108 cm,Display Size
109 cm,Display Size
110 cm,Display Size
111 cm,Display Size
112 cm,Display Size
113 cm,Display Size
114 cm,Display Size
115 cm,Display Size
116 cm,Display Size
117 cm,Display Size
65 cms,Display Size
66 cms,Display Size
67 cms,Display Size
68 cms,Display Size
69 cms,Display Size
70 cms,Display Size
71 cms,Display Size
72 cms,Display Size
73 cms,Display Size
74 cms,Display Size
75 cms,Display Size
76 cms,Display Size
77 cms,Display Size
78 cms,Display Size
79 cms,Display Size
80 cms,Display Size
81 cms,Display Size
82 cms,Display Size
138 cms,Display Size
139 cms,Display Size
140 cms,Display Size
141 cms,Display Size
142 cms,Display Size
143 cms,Display Size
144 cms,Display Size
145 cms,Display Size
146 cms,Display Size
147 cms,Display Size
148 cms,Display Size
149 cms,Display Size
150 cms,Display Size
151 cms,Display Size
152 cms,Display Size
153 cms,Display Size
154 cms,Display Size
155 cms,Display Size
156 cms,Display Size
157 cms,Display Size
158 cms,Display Size
159 cms,Display Size
160 cms,Display Size
161 cms,Display Size
162 cms,Display Size
hexa core,Processor Core
hexa core,Processor Core
hexa core,Processor Core
hexa core,Processor Core
hexa core,Processor Core
hexa core,Processor Core
dual core,Processor Core
dual core,Processor Core
dual core,Processor Core
dual core,Processor Core
80 cm,Display Size
108 cm,Display Size
80 cm,Display Size
108 cm,Display Size
163 cm,Display Size
80 cm,Display Size
80 cm,Display Size
138 cm,Display Size
108 cm,Display Size
80 cm,Display Size
123 cm,Display Size
164 cm,Display Size
108 cm,Display Size
126 cm,Display Size
139 cm,Display Size
139 cm,Display Size
108 cm,Display Size
108 cm,Display Size
80 cm,Display Size
109.22 cm,Display Size
138.78 cm,Display Size
127 cm,Display Size
60 cm ,Display Size
80 cm,Display Size
107.97 cm,Display Size
95 cm,Display Size
125.73 cm,Display Size
2 107.95 cm,Display Size
147.32 cm,Display Size
102 cm,Display Size
139 cm,Display Size
108 cm,Display Size
108 cm,Display Size
80 cm,Display Size
108 cm,Display Size
80 cm,Display Size
139 cm,Display Size
139 cm,Display Size
100 cm,Display Size
127 cm,Display Size
123 cm,Display Size
8 cm,Display Size
80 cm,Display Size
108 cm,Display Size
7 cms,Display Size
108 cm,Display Size
102 cm,Display Size
108 cm,Display Size
80 cm,Display Size
102 cm,Display Size
123.2 cm,Display Size
glacier blue,Color
pentium gold,Color
mist green,Color
silver,Color
obsidian black,Color
black,Color
white,Color
electro punk,Color
black,Color
electro punk,Color
pebble,Color
softmint,Color
platinum grey,Color
graphite grey,Color
platinum grey,Color
platinum grey,Color
raven black,Color
raven black,Color
carbon black,Color
sky blue,Color
nature green,Color
sea blue,Color
sea blue,Color
midnight black,Color
nature green,Color
sporty orange,Color
nature green,Color
emerald black,Color
glacier blue,Color
titanium sapphire,Color
purist blue,Color
obsidian black,Color
crystal symphony,Color
phantom black,Color
emerald black,Color
obsidian black,Color
purist blue,Color
blue,Color
black,Color
white,Color
white,Color
white,Color
red,Color
white,Color
black,Color
red,Color
black,Color
white,Color
black,Color
sky blue,Color
celestial black,Color
metallic blue,Color
space black,Color
fusion blue,Color
fusion black,Color
sky blue,Color
black,Color
black,Color
sea green,Color
fusion green,Color
black,Color
ink black,Color
deep blue,Color
blue,Color
crystal blue,Color
crystal blue,Color
flowing silver,Color
flowing silver,Color
mint cream,Color
